﻿pos_x,pos_y,rotation,side,designator,mpn,pack,value,mount_type,place
125.0,-108.25,90.0,top,C10,,CAP_1111_HIQ_KNO,25p,smt,True
113.0,-105.75,90.0,top,C8,,CAP_1111_HIQ_KNO,C_Trim,smt,True
121.0,-103.75,90.0,top,C9,,CAP_1111_HIQ_KNO,25p,smt,True
117.0,-103.75,-90.0,top,D2,,PIN_diode_NonMagnetic_HighPower,~,smt,True
117.0,-108.0,-90.0,top,L4,,CAP_1111_HIQ_KNO,L,smt,True
121.0,-108.25,90.0,top,L5,,CAP_1111_HIQ_KNO,62.17n,smt,True
125.0,-103.7387,-90.0,top,L6,,CAP_1111_HIQ_KNO,62.17n,smt,True
